{"initial_reset_timestamp": 1586606747.997557, "timestamps": [1586606758.4371877, 1586606795.4468968, 1586606971.7456052, 1586607183.9711015, 1586607364.9421158, 1586607559.639998, 1586607890.569598, 1586608050.215123, 1586608272.900016, 1586608493.7446282, 1586608701.6851075, 1586608874.196807], "episode_lengths": [3656, 2692, 1975, 2373, 2021, 2175, 3699, 1782, 2486, 2466, 2322, 1926], "episode_rewards": [124.0, 70.0, 0.0, 42.0, 60.0, 58.0, 241.0, 0.0, 95.0, 112.0, 44.0, 0.0], "episode_types": ["t", "t", "t", "t", "t", "t", "t", "t", "t", "t", "t", "t", "t", "t"]}