{"initial_reset_timestamp": 1586607424.0594068, "timestamps": [1586607432.617274, 1586607585.6942317, 1586607766.771227, 1586607966.564213, 1586608133.5327938, 1586608343.1006336, 1586608512.5294032, 1586608671.3716817, 1586608915.097483, 1586609070.5088246, 1586609259.497627, 1586609511.8149683], "episode_lengths": [2800, 4844, 2042, 2252, 1879, 2361, 1906, 1788, 2743, 1747, 2126, 2843], "episode_rewards": [68.0, 245.0, 40.0, 121.0, 65.0, 86.0, 41.0, 41.0, 111.0, 28.0, 105.0, 124.0], "episode_types": ["t", "t", "t", "t", "t", "t", "t", "t", "t", "t", "t", "t", "t", "t"]}