{"initial_reset_timestamp": 1586607183.1088223, "timestamps": [1586607189.0733995, 1586607193.4918396, 1586607197.5692801, 1586607303.3540988, 1586607547.913076, 1586607779.9861655, 1586607975.3818278, 1586608175.8524077, 1586608351.4983504, 1586608536.4303603, 1586608720.6003568, 1586608939.188549, 1586609167.7299078], "episode_lengths": [1595, 1931, 1783, 1863, 2746, 2606, 2183, 2236, 1955, 2056, 2047, 2433, 2544], "episode_rewards": [0.0, 36.0, 30.0, 5.0, 54.0, 58.0, 94.0, 60.0, 101.0, 51.0, 56.0, 2.0, 53.0], "episode_types": ["t", "t", "t", "t", "t", "t", "t", "t", "t", "t", "t", "t", "t", "t", "t"]}