{"initial_reset_timestamp": 1586367193.2888544, "timestamps": [1586367199.1020284, 1586367202.913528, 1586367206.2356908, 1586367251.663521, 1586367417.1608653, 1586367661.001738, 1586367828.7290788, 1586368030.4070098, 1586368231.192881, 1586368528.057205, 1586368767.8821259, 1586368981.6743138, 1586369178.0832164, 1586369546.2855446, 1586369757.3770332, 1586369965.1227503, 1586370225.4710622, 1586370370.1756766, 1586370570.0950615, 1586370752.9022985, 1586370967.231327, 1586371138.1113718, 1586371314.30742, 1586371518.1442869, 1586371720.136966, 1586371956.6193976, 1586372141.036813, 1586372336.8944914, 1586372547.5140584, 1586372718.0632927, 1586372903.1908457, 1586373121.0900133, 1586373351.4952164, 1586373639.004743, 1586373907.8151534, 1586374114.358246, 1586374301.8817363, 1586374493.5879545, 1586374826.623074, 1586374998.0715199, 1586375151.299711, 1586375344.2873678, 1586375507.1149814, 1586375692.615794, 1586375865.3141751, 1586376063.284229, 1586376257.1492093, 1586376463.4872346, 1586376711.2274134, 1586376894.8730426, 1586377048.0323524, 1586377229.9461267, 1586377469.2409897, 1586377651.4540482, 1586377881.3174074, 1586378128.6886914, 1586378389.3681898, 1586378593.7771187, 1586378823.4643505, 1586379048.3990452, 1586379457.3856251, 1586379696.7509482, 1586379922.0243042, 1586380138.607489, 1586380349.736258, 1586380511.3813934, 1586380699.8903809, 1586380934.5391102, 1586381152.6640892, 1586381449.0316894, 1586381692.1909876, 1586381888.1546936, 1586382037.4477706, 1586382265.965581, 1586382687.1976795, 1586382934.0962148, 1586383085.8033757, 1586383303.697929, 1586383484.155706, 1586383655.9012845, 1586383888.5791202, 1586384060.9008048, 1586384258.4016762, 1586384462.641048, 1586384615.019879, 1586384832.8886895, 1586385004.1192386, 1586385271.7605896, 1586385448.3937628, 1586385635.8265285, 1586385824.8149428, 1586386004.264409, 1586386223.609562, 1586386410.892874, 1586386578.84928, 1586386823.3371022, 1586387003.1861572, 1586387221.719039, 1586387394.466032, 1586387594.3817275, 1586387804.576199, 1586388048.8909283, 1586388287.6397946, 1586388513.2825093, 1586388698.6554506, 1586388905.145114, 1586389094.9076219, 1586389324.6736183, 1586389550.073591, 1586389787.1575089, 1586390026.1623738, 1586390269.7003748, 1586390503.7805338, 1586390728.3500519, 1586390957.9645576, 1586391189.6591372, 1586391373.7942567, 1586391558.9616942, 1586391791.9201634, 1586391993.6939206, 1586392232.7091072, 1586392440.2828968, 1586392608.4885945, 1586392805.4723718, 1586393005.4576046, 1586393219.229736, 1586393412.3973675, 1586393628.5906668, 1586393885.674868, 1586394153.8701425, 1586394402.9510682, 1586394565.455041, 1586394737.5325944, 1586394959.446392, 1586395125.6843545, 1586395368.2849035, 1586395555.3035772, 1586395767.7789903, 1586396000.1086335, 1586396244.3031423, 1586396528.3863137, 1586396755.4566805, 1586396942.6005988, 1586397184.4449072, 1586397395.892777, 1586397670.4982302, 1586397984.6843889, 1586398196.9001539, 1586398417.8735662, 1586398634.8925345, 1586398862.6703954, 1586399055.8514578, 1586399286.2494175, 1586399505.2824347, 1586399667.771276, 1586399859.3328614, 1586400103.7046835, 1586400339.5849586, 1586400617.2417073, 1586400826.195981, 1586401021.4438312, 1586401189.5273829, 1586401380.1108534, 1586401607.1409914, 1586401991.1202786, 1586402199.3377163, 1586402354.699863, 1586402535.484375, 1586402738.900169, 1586402924.9055538, 1586403127.4949558, 1586403388.4237614, 1586403619.6236675, 1586403854.289085, 1586404126.245282, 1586404431.4108384, 1586404591.7694294, 1586404813.7608113, 1586405030.1478174, 1586405264.8021631, 1586405505.2313392, 1586405880.2036607], "episode_lengths": [1501, 1665, 1501, 1822, 1915, 2807, 1927, 2319, 2310, 3420, 2763, 2463, 2262, 4242, 2428, 2390, 2997, 1663, 2299, 2103, 2464, 1963, 2028, 2345, 2323, 2721, 2121, 2252, 2423, 1962, 2128, 2507, 2651, 3307, 3093, 2376, 2155, 2205, 3829, 1970, 1761, 2218, 1870, 2132, 1986, 2276, 2228, 2373, 2849, 2111, 1760, 2089, 2749, 2092, 2643, 2843, 2997, 2348, 2639, 2586, 4704, 2751, 2615, 2515, 2452, 1877, 2142, 2665, 2476, 3369, 2762, 2224, 1693, 2594, 4804, 2805, 1721, 2473, 2049, 1950, 2643, 1999, 2293, 2373, 1768, 2532, 1980, 3110, 2052, 2176, 2194, 2085, 2524, 2126, 1907, 2777, 2041, 2482, 2006, 2320, 2441, 2838, 2771, 2617, 2150, 2397, 2201, 2667, 2614, 2750, 2715, 2781, 2653, 2546, 2604, 2627, 2088, 2099, 2643, 2287, 2712, 2353, 1908, 2252, 2266, 2422, 2188, 2450, 2915, 3111, 2889, 1882, 1994, 2574, 1909, 2755, 2130, 2407, 2634, 2767, 3221, 2573, 2120, 2740, 2397, 3114, 3564, 2406, 2503, 2460, 2582, 2188, 2612, 2483, 1842, 2171, 2772, 2675, 3149, 2386, 2213, 1904, 2159, 2572, 4355, 2359, 1761, 2048, 2306, 2107, 2298, 2978, 2620, 2659, 3082, 3460, 1817, 2515, 2452, 2660, 2726, 4252], "episode_rewards": [0.0, 0.0, 0.0, 20.0, 20.0, 103.0, 74.0, 151.0, 5.0, 108.0, 41.0, 47.0, 73.0, 271.0, 74.0, 47.0, 141.0, 56.0, 44.0, 71.0, 122.0, 38.0, 45.0, 35.0, 109.0, 157.0, 54.0, 42.0, 71.0, 18.0, 125.0, 72.0, 86.0, 66.0, 125.0, 54.0, 40.0, 65.0, 174.0, 30.0, 12.0, 20.0, 39.0, 29.0, 95.0, 14.0, 40.0, 76.0, 138.0, 92.0, 17.0, 79.0, 126.0, 95.0, 38.0, 101.0, 128.0, 123.0, 121.0, 119.0, 248.0, 99.0, 104.0, 30.0, 72.0, 23.0, 25.0, 149.0, 89.0, 167.0, 143.0, 46.0, 0.0, 43.0, 232.0, 44.0, 20.0, 49.0, 87.0, 90.0, 169.0, 9.0, 93.0, 101.0, 12.0, 63.0, 30.0, 100.0, 90.0, 66.0, 74.0, 39.0, 56.0, 47.0, 5.0, 49.0, 44.0, 95.0, 0.0, 46.0, 89.0, 10.0, 152.0, 131.0, 75.0, 67.0, 60.0, 50.0, 108.0, 78.0, 128.0, 124.0, 112.0, 62.0, 78.0, 86.0, 46.0, 49.0, 191.0, 40.0, 73.0, 22.0, 5.0, 24.0, 97.0, 35.0, 19.0, 49.0, 83.0, 188.0, 91.0, 5.0, 80.0, 81.0, 30.0, 91.0, 49.0, 5.0, 100.0, 62.0, 120.0, 112.0, 74.0, 108.0, 80.0, 140.0, 120.0, 27.0, 24.0, 129.0, 40.0, 140.0, 102.0, 112.0, 0.0, 61.0, 94.0, 43.0, 142.0, 50.0, 77.0, 90.0, 20.0, 105.0, 199.0, 152.0, 5.0, 8.0, 40.0, 24.0, 65.0, 61.0, 104.0, 112.0, 86.0, 171.0, 20.0, 128.0, 70.0, 49.0, 115.0, 185.0], "episode_types": ["t", "t", "t", "t", "t", "t", "t", "t", "t", "t", "t", "t", "t", "t", "t", "t", "t", "t", "t", "t", "t", "t", "t", "t", "t", "t", "t", "t", "t", "t", "t", "t", "t", "t", "t", "t", "t", "t", "t", "t", "t", "t", "t", "t", "t", "t", "t", "t", "t", "t", "t", "t", "t", "t", "t", "t", "t", "t", "t", "t", "t", "t", "t", "t", "t", "t", "t", "t", "t", "t", "t", "t", "t", "t", "t", "t", "t", "t", "t", "t", "t", "t", "t", "t", "t", "t", "t", "t", "t", "t", "t", "t", "t", "t", "t", "t", "t", "t", "t", "t", "t", "t", "t", "t", "t", "t", "t", "t", "t", "t", "t", "t", "t", "t", "t", "t", "t", "t", "t", "t", "t", "t", "t", "t", "t", "t", "t", "t", "t", "t", "t", "t", "t", "t", "t", "t", "t", "t", "t", "t", "t", "t", "t", "t", "t", "t", "t", "t", "t", "t", "t", "t", "t", "t", "t", "t", "t", "t", "t", "t", "t", "t", "t", "t", "t", "t", "t", "t", "t", "t", "t", "t", "t", "t", "t", "t", "t", "t", "t", "t", "t", "t", "t", "t"]}