{"initial_reset_timestamp": 1586367243.141652, "timestamps": [1586367253.9087844, 1586367257.203989, 1586367260.489963, 1586367308.1747499, 1586367493.2297924, 1586367689.9950597, 1586367969.443807, 1586368205.6698158, 1586368471.5086462, 1586368701.416172, 1586368910.9930074, 1586369079.8746674, 1586369234.9252508, 1586369441.139763, 1586369668.8814995, 1586369839.597415, 1586370049.3368526, 1586370300.4761171, 1586370528.869637, 1586370701.1046693, 1586370946.3014016, 1586371128.1424663, 1586371285.1344254, 1586371478.8136218, 1586371730.0555887, 1586371904.6230628, 1586372113.5459733, 1586372319.0843825, 1586372480.55496, 1586372665.7114425, 1586372900.1454985, 1586373074.2548258, 1586373324.7170665, 1586373512.2636094, 1586373672.435624, 1586373856.8264318, 1586374085.0736341, 1586374306.9431164, 1586374490.0850272, 1586374646.4445274, 1586374841.7798047, 1586375013.3368711, 1586375235.0581765, 1586375417.0108507, 1586375592.4948983, 1586375758.6653292, 1586375961.2352085, 1586376109.9096828, 1586376245.643877, 1586376440.9507544, 1586376607.9063683, 1586376815.2062175, 1586377041.7973483, 1586377301.299194, 1586377491.0420687, 1586377720.824437, 1586377984.994824, 1586378210.6936736, 1586378389.6453545, 1586378551.3477087, 1586378695.98324, 1586378900.8540769, 1586379063.3544137, 1586379227.1285264, 1586379414.161257, 1586379578.6716297, 1586379765.2035353, 1586379943.9215717, 1586380158.5881777, 1586380435.2134833, 1586380705.608511, 1586380878.9855793, 1586381102.6199787, 1586381316.8802133, 1586381537.125196, 1586381750.567098, 1586381976.107432, 1586382192.819197, 1586382397.0130613, 1586382596.9059775, 1586382984.4454596, 1586383181.5263672, 1586383340.8408298, 1586383556.247458, 1586383714.5581734, 1586383883.0472457, 1586384056.304699, 1586384197.0203943, 1586384423.3820627, 1586384613.7803552, 1586384770.4829705, 1586384953.0782604, 1586385204.942379, 1586385419.7196832, 1586385675.1091614, 1586385864.5561001, 1586386098.8179343, 1586386491.1377695, 1586386693.9335, 1586386871.8781276, 1586387091.1947248, 1586387435.58254, 1586387662.84458, 1586387900.3830576, 1586388111.3634136, 1586388287.2482903, 1586388528.556625, 1586388770.3504245, 1586388969.975387, 1586389134.521376, 1586389306.6391172, 1586389498.6386046, 1586389753.9559946, 1586389917.7833724, 1586390232.833778, 1586390397.1228638, 1586390517.9859173, 1586390714.8716233, 1586390901.7981074, 1586391099.409453, 1586391266.7152925, 1586391568.3502884, 1586391721.6253781, 1586391901.6758938, 1586392152.9712157, 1586392353.3589401, 1586392511.7761755, 1586392722.9712307, 1586393154.176792, 1586393360.7858622, 1586393605.0162606, 1586393790.5616345, 1586394004.8743515, 1586394205.3059316, 1586394413.318533, 1586394585.0313601, 1586394776.3758311, 1586394925.8156734, 1586395160.315767, 1586395416.0928075, 1586395639.9434447, 1586395833.95848, 1586396000.4544559, 1586396242.1300654, 1586396436.9239802, 1586396665.4871233, 1586396837.2081532, 1586396998.0205107, 1586397202.8428512, 1586397451.7142642, 1586397659.2112696, 1586397831.8045852, 1586398056.836226, 1586398284.7056727, 1586398538.4768329, 1586398778.106689, 1586398988.6965876, 1586399166.5423326, 1586399413.76957, 1586399588.925364, 1586399764.1204488, 1586399999.7668931, 1586400259.035785, 1586400492.1638107, 1586400707.241369, 1586400952.9615796, 1586401100.9615371, 1586401267.80289, 1586401465.832578, 1586401660.762481, 1586401857.1841323, 1586402030.0616145, 1586402235.399831, 1586402438.8940034, 1586402595.1989434, 1586402786.3594434, 1586402954.666589, 1586403126.159873, 1586403301.3253949, 1586403511.0423007, 1586403759.6015306, 1586404000.8692827, 1586404201.492548, 1586404348.1947799, 1586404516.9515464, 1586404719.140675, 1586404946.281277, 1586405126.5377138, 1586405352.0152595, 1586405537.606858], "episode_lengths": [1644, 1526, 1523, 1825, 2157, 2290, 3254, 2749, 3094, 2674, 2437, 1963, 1802, 2396, 2645, 1983, 2436, 2918, 2653, 2000, 2850, 2112, 1824, 2248, 2919, 2026, 2425, 2388, 1873, 2151, 2723, 2020, 2908, 2176, 1858, 2141, 2650, 2576, 2125, 1813, 2267, 1992, 2573, 2111, 2035, 1929, 2352, 1725, 1575, 2267, 1938, 2406, 2630, 3011, 2201, 2666, 3065, 2618, 2075, 1873, 1675, 2376, 1884, 1898, 2167, 1906, 2144, 2100, 2522, 3251, 3098, 1986, 2562, 2452, 2521, 2443, 2581, 2479, 2378, 2347, 4557, 2315, 1870, 2531, 1858, 1979, 2035, 1651, 2660, 2191, 1799, 2106, 2884, 2458, 2924, 2167, 2681, 4493, 2321, 2036, 2509, 3943, 2601, 2789, 2415, 2011, 2761, 2768, 2285, 1883, 1970, 2231, 2941, 1925, 3764, 1983, 1457, 2376, 2254, 2385, 2012, 3638, 1819, 2059, 2877, 2332, 1859, 2433, 4938, 2363, 2794, 2122, 2453, 2294, 2381, 1965, 2189, 1710, 2684, 2928, 2561, 2219, 1903, 2766, 2229, 2616, 1964, 1837, 2341, 2845, 2435, 2015, 2574, 2605, 2904, 2742, 2409, 2032, 2829, 2002, 2004, 2696, 2969, 2665, 2460, 2810, 1692, 1908, 2263, 2227, 2245, 1976, 2348, 2328, 1788, 2215, 1975, 1984, 2002, 2399, 2842, 2760, 2295, 1675, 1928, 2312, 2596, 2060, 2645, 2176], "episode_rewards": [0.0, 0.0, 0.0, 0.0, 38.0, 56.0, 136.0, 89.0, 151.0, 106.0, 135.0, 10.0, 38.0, 48.0, 137.0, 68.0, 121.0, 21.0, 117.0, 59.0, 62.0, 76.0, 0.0, 29.0, 76.0, 57.0, 44.0, 60.0, 15.0, 24.0, 78.0, 30.0, 134.0, 87.0, 43.0, 27.0, 107.0, 80.0, 42.0, 21.0, 76.0, 98.0, 35.0, 80.0, 70.0, 64.0, 126.0, 22.0, 36.0, 45.0, 24.0, 10.0, 83.0, 111.0, 54.0, 83.0, 131.0, 95.0, 80.0, 66.0, 9.0, 102.0, 6.0, 2.0, 54.0, 43.0, 0.0, 101.0, 66.0, 146.0, 174.0, 14.0, 36.0, 96.0, 81.0, 155.0, 85.0, 86.0, 49.0, 62.0, 230.0, 119.0, 9.0, 69.0, 44.0, 40.0, 58.0, 17.0, 79.0, 0.0, 32.0, 29.0, 129.0, 69.0, 144.0, 40.0, 138.0, 140.0, 49.0, 33.0, 30.0, 140.0, 57.0, 84.0, 104.0, 40.0, 97.0, 91.0, 55.0, 0.0, 93.0, 101.0, 38.0, 35.0, 146.0, 30.0, 0.0, 95.0, 99.0, 93.0, 34.0, 146.0, 20.0, 24.0, 151.0, 107.0, 36.0, 44.0, 154.0, 49.0, 144.0, 43.0, 64.0, 29.0, 50.0, 61.0, 41.0, 5.0, 89.0, 119.0, 50.0, 62.0, 2.0, 50.0, 25.0, 60.0, 38.0, 33.0, 81.0, 89.0, 69.0, 54.0, 70.0, 64.0, 139.0, 151.0, 83.0, 62.0, 89.0, 86.0, 44.0, 114.0, 203.0, 124.0, 90.0, 92.0, 6.0, 24.0, 50.0, 40.0, 12.0, 38.0, 99.0, 54.0, 14.0, 87.0, 23.0, 59.0, 50.0, 112.0, 140.0, 110.0, 39.0, 20.0, 20.0, 63.0, 55.0, 84.0, 99.0, 62.0], "episode_types": ["t", "t", "t", "t", "t", "t", "t", "t", "t", "t", "t", "t", "t", "t", "t", "t", "t", "t", "t", "t", "t", "t", "t", "t", "t", "t", "t", "t", "t", "t", "t", "t", "t", "t", "t", "t", "t", "t", "t", "t", "t", "t", "t", "t", "t", "t", "t", "t", "t", "t", "t", "t", "t", "t", "t", "t", "t", "t", "t", "t", "t", "t", "t", "t", "t", "t", "t", "t", "t", "t", "t", "t", "t", "t", "t", "t", "t", "t", "t", "t", "t", "t", "t", "t", "t", "t", "t", "t", "t", "t", "t", "t", "t", "t", "t", "t", "t", "t", "t", "t", "t", "t", "t", "t", "t", "t", "t", "t", "t", "t", "t", "t", "t", "t", "t", "t", "t", "t", "t", "t", "t", "t", "t", "t", "t", "t", "t", "t", "t", "t", "t", "t", "t", "t", "t", "t", "t", "t", "t", "t", "t", "t", "t", "t", "t", "t", "t", "t", "t", "t", "t", "t", "t", "t", "t", "t", "t", "t", "t", "t", "t", "t", "t", "t", "t", "t", "t", "t", "t", "t", "t", "t", "t", "t", "t", "t", "t", "t", "t", "t", "t", "t", "t", "t", "t", "t", "t", "t", "t", "t", "t", "t"]}