{"initial_reset_timestamp": 1586367172.5794191, "timestamps": [1586367180.0140836, 1586367193.7410173, 1586367459.6897259, 1586367650.412545, 1586367853.4539416, 1586368030.9634345, 1586368193.8880317, 1586368387.3000822, 1586368591.3664474, 1586368771.2322652, 1586368976.1265655, 1586369157.5437846, 1586369310.906781, 1586369482.2205663, 1586369653.0556762, 1586369825.4669757, 1586370026.0046299, 1586370221.3140545, 1586370452.9010744, 1586370677.5451558, 1586370867.5205781, 1586371061.737052, 1586371271.9994998, 1586371464.5588799, 1586371682.932139, 1586371837.1968923, 1586372090.326521, 1586372235.5177667, 1586372431.7833462, 1586372640.338899, 1586372814.728212, 1586373036.8453438, 1586373186.7631917, 1586373425.3537383, 1586373575.525446, 1586373758.5551543, 1586373940.0713997, 1586374116.6301262, 1586374271.0685518, 1586374519.2020633, 1586374738.6586504, 1586374879.0474644, 1586375104.2282135, 1586375328.3260927, 1586375495.0015526, 1586375690.056398, 1586375862.975005, 1586376027.5648773, 1586376223.9497726, 1586376405.1821177, 1586376573.691284, 1586376757.0395355, 1586376990.7848217, 1586377169.2383666, 1586377336.52761, 1586377536.6729481, 1586377747.0297518, 1586377917.462218, 1586378139.522856, 1586378338.388119, 1586378517.4325583, 1586378732.2303858, 1586378910.5144148, 1586379225.8027189, 1586379421.3256464, 1586379632.7650414, 1586379901.092577, 1586380105.6037066, 1586380262.4008036, 1586380484.2388167, 1586380673.5053766, 1586380893.7552083, 1586381136.1916072, 1586381364.8581874, 1586381787.1033258, 1586381987.7418249, 1586382217.8208737, 1586382422.9757047, 1586382646.091247, 1586382997.4548845, 1586383223.4729018, 1586383474.8526366, 1586383666.5073335, 1586383836.2155075, 1586384010.162129, 1586384451.8687015, 1586384653.8256714, 1586384835.1537325, 1586385038.000541, 1586385267.7954383, 1586385453.9854634, 1586385688.1125522, 1586385900.506391, 1586386086.4089649, 1586386314.1828823, 1586386628.1156347, 1586386791.9051938, 1586386967.341806, 1586387143.805411, 1586387370.8468108, 1586387561.1007261, 1586387754.085011, 1586387931.0470042, 1586388104.2281482, 1586388266.1284647, 1586388480.339882, 1586388665.6163256, 1586388899.1227236, 1586389064.7535064, 1586389258.040352, 1586389485.2880516, 1586389702.9720218, 1586390046.6737323, 1586390226.5153966, 1586390392.1594317, 1586390597.083897, 1586390782.4084303, 1586390928.2358408, 1586391129.0764444, 1586391347.2729774, 1586391510.1462715, 1586391701.4595418, 1586391881.9761314, 1586392251.9434772, 1586392441.0451179, 1586392628.3283422, 1586392923.9910548, 1586393249.6561902, 1586393519.558118, 1586393717.2066677, 1586393932.5459747, 1586394097.5838459, 1586394454.3550613, 1586394627.6233997, 1586394784.4801877, 1586395014.772188, 1586395220.441244, 1586395445.3006587, 1586395640.2091906, 1586395855.0141063, 1586396038.1762898, 1586396207.6892576, 1586396450.6961007, 1586396659.8358479, 1586396853.0421531, 1586397026.646562, 1586397231.7531855, 1586397454.6597197, 1586397639.7535992, 1586398005.1810458, 1586398237.9216473, 1586398448.965627, 1586398734.3470788, 1586398901.1776156, 1586399084.1432142, 1586399294.08548, 1586399480.5007749, 1586399724.4235008, 1586399934.394894, 1586400150.1517243, 1586400331.9206514, 1586400484.2303715, 1586400722.8463955, 1586400890.7413714, 1586401136.0424979, 1586401336.5343018, 1586401512.3705542, 1586401757.8350418, 1586401991.1239123, 1586402227.0287817, 1586402450.3985856, 1586402664.1486359, 1586402845.105026, 1586403075.9465127, 1586403225.7090852, 1586403417.1541066, 1586403658.3737335, 1586403871.7959397, 1586404075.9698806, 1586404325.2269511, 1586404577.4418104, 1586404803.8689005, 1586404967.256633, 1586405163.4940567, 1586405337.4972434, 1586405525.8308046, 1586405747.128735], "episode_lengths": [2468, 3589, 3074, 2194, 2336, 2042, 1875, 2226, 2348, 2069, 2356, 2087, 1764, 1970, 1963, 1983, 2306, 2245, 2662, 2583, 2184, 2232, 2416, 2214, 2510, 1771, 2910, 1668, 2255, 2395, 2003, 2552, 1721, 2742, 1725, 2101, 2084, 2028, 1773, 2848, 2519, 1610, 2584, 2573, 1912, 2241, 1984, 1890, 2256, 2081, 1935, 2104, 2684, 2048, 1918, 2297, 2413, 1955, 2548, 2281, 2054, 2466, 2045, 3620, 2244, 2426, 3049, 2376, 1819, 2576, 2144, 2496, 2747, 2592, 4787, 2272, 2650, 2325, 2529, 3983, 2561, 2848, 2170, 1923, 1971, 5008, 2287, 2055, 2317, 2603, 2109, 2651, 2406, 2106, 2646, 3570, 1901, 2037, 2048, 2603, 2160, 2283, 2108, 2064, 1929, 2553, 2206, 2784, 1973, 2303, 2709, 2594, 4018, 2066, 1922, 2440, 2206, 1736, 2392, 2597, 1934, 2280, 2151, 4203, 2169, 2175, 3368, 3689, 3057, 2237, 2439, 1868, 4042, 1962, 1775, 2615, 2386, 2642, 2322, 2557, 2180, 2018, 2895, 2487, 2299, 2066, 2440, 2653, 2166, 4136, 2633, 2388, 3230, 1886, 2070, 2374, 2107, 2760, 2376, 2441, 2104, 1766, 2709, 1898, 2773, 2268, 1989, 2778, 2640, 2668, 2592, 2481, 2074, 2678, 1712, 2165, 2729, 2414, 2309, 2819, 2851, 2562, 1846, 2218, 1967, 2157, 2567], "episode_rewards": [24.0, 96.0, 83.0, 30.0, 20.0, 72.0, 0.0, 55.0, 40.0, 115.0, 82.0, 52.0, 5.0, 65.0, 20.0, 31.0, 20.0, 83.0, 130.0, 64.0, 51.0, 32.0, 81.0, 72.0, 136.0, 72.0, 88.0, 0.0, 90.0, 117.0, 15.0, 38.0, 0.0, 100.0, 15.0, 44.0, 36.0, 22.0, 71.0, 166.0, 32.0, 72.0, 33.0, 121.0, 70.0, 100.0, 60.0, 30.0, 57.0, 0.0, 60.0, 56.0, 158.0, 40.0, 66.0, 42.0, 0.0, 11.0, 196.0, 47.0, 41.0, 93.0, 58.0, 163.0, 20.0, 74.0, 117.0, 73.0, 60.0, 58.0, 50.0, 93.0, 62.0, 74.0, 234.0, 8.0, 113.0, 59.0, 99.0, 196.0, 124.0, 107.0, 76.0, 11.0, 73.0, 274.0, 101.0, 59.0, 88.0, 56.0, 44.0, 70.0, 55.0, 40.0, 76.0, 194.0, 45.0, 39.0, 68.0, 87.0, 74.0, 65.0, 21.0, 52.0, 37.0, 76.0, 44.0, 145.0, 76.0, 35.0, 111.0, 102.0, 200.0, 36.0, 40.0, 50.0, 124.0, 0.0, 41.0, 144.0, 32.0, 60.0, 25.0, 182.0, 96.0, 77.0, 156.0, 217.0, 151.0, 79.0, 57.0, 25.0, 198.0, 71.0, 60.0, 99.0, 76.0, 118.0, 66.0, 69.0, 89.0, 29.0, 91.0, 37.0, 87.0, 29.0, 105.0, 194.0, 45.0, 152.0, 89.0, 58.0, 156.0, 20.0, 69.0, 68.0, 118.0, 119.0, 165.0, 95.0, 41.0, 5.0, 40.0, 5.0, 36.0, 24.0, 24.0, 124.0, 20.0, 62.0, 76.0, 98.0, 74.0, 67.0, 5.0, 56.0, 43.0, 44.0, 102.0, 127.0, 95.0, 44.0, 14.0, 42.0, 32.0, 89.0, 81.0], "episode_types": ["t", "t", "t", "t", "t", "t", "t", "t", "t", "t", "t", "t", "t", "t", "t", "t", "t", "t", "t", "t", "t", "t", "t", "t", "t", "t", "t", "t", "t", "t", "t", "t", "t", "t", "t", "t", "t", "t", "t", "t", "t", "t", "t", "t", "t", "t", "t", "t", "t", "t", "t", "t", "t", "t", "t", "t", "t", "t", "t", "t", "t", "t", "t", "t", "t", "t", "t", "t", "t", "t", "t", "t", "t", "t", "t", "t", "t", "t", "t", "t", "t", "t", "t", "t", "t", "t", "t", "t", "t", "t", "t", "t", "t", "t", "t", "t", "t", "t", "t", "t", "t", "t", "t", "t", "t", "t", "t", "t", "t", "t", "t", "t", "t", "t", "t", "t", "t", "t", "t", "t", "t", "t", "t", "t", "t", "t", "t", "t", "t", "t", "t", "t", "t", "t", "t", "t", "t", "t", "t", "t", "t", "t", "t", "t", "t", "t", "t", "t", "t", "t", "t", "t", "t", "t", "t", "t", "t", "t", "t", "t", "t", "t", "t", "t", "t", "t", "t", "t", "t", "t", "t", "t", "t", "t", "t", "t", "t", "t", "t", "t", "t", "t", "t", "t", "t", "t", "t", "t", "t"]}