{"initial_reset_timestamp": 1586367353.2291327, "timestamps": [1586367378.4446347, 1586367447.4172502, 1586367603.673326, 1586367762.0629253, 1586367971.3670986, 1586368138.3736873, 1586368476.3399878, 1586368815.1124, 1586368965.1305585, 1586369143.0077124, 1586369316.7863011, 1586369528.53017, 1586369688.6724782, 1586369888.887386, 1586370111.8391774, 1586370316.5011897, 1586370457.6264024, 1586370615.833134, 1586370821.3045459, 1586371153.5004275, 1586371344.1477385, 1586371510.7101414, 1586371720.7143075, 1586371926.911372, 1586372181.32746, 1586372372.0483334, 1586372545.428618, 1586372747.825956, 1586372916.3482702, 1586373178.799444, 1586373409.6500666, 1586373774.6527476, 1586373981.7415497, 1586374179.4902754, 1586374537.4180799, 1586374743.2056947, 1586374902.127203, 1586375260.647758, 1586375450.7446473, 1586375653.004836, 1586375826.4777818, 1586375994.038885, 1586376184.1946762, 1586376366.5206342, 1586376547.0240831, 1586376711.1909244, 1586376873.8323274, 1586377089.5982895, 1586377296.5909414, 1586377507.1939971, 1586377706.9225874, 1586377879.874874, 1586378061.6847272, 1586378216.818853, 1586378544.43084, 1586378780.8389652, 1586378963.1823678, 1586379199.1969783, 1586379450.9626374, 1586379634.6433136, 1586379805.4557972, 1586380014.722275, 1586380229.425815, 1586380403.6774294, 1586380572.836687, 1586380752.4457939, 1586380999.1078973, 1586381229.6516705, 1586381555.6309466, 1586381789.6360042, 1586382007.9168024, 1586382188.2878988, 1586382328.3731694, 1586382547.576003, 1586382717.7726355, 1586382935.237031, 1586383257.5607743, 1586383587.7830982, 1586383767.1971872, 1586383947.0982583, 1586384131.402629, 1586384324.8944354, 1586384527.0644305, 1586384720.611587, 1586385108.4974518, 1586385289.9798272, 1586385540.8423817, 1586385711.516191, 1586385969.6805954, 1586386320.8186338, 1586386512.2238252, 1586386731.6240153, 1586386945.192702, 1586387138.8506074, 1586387371.1176581, 1586387609.8472648, 1586387783.5776424, 1586387988.4258094, 1586388219.1531723, 1586388434.2387376, 1586388677.7874286, 1586388917.569206, 1586389089.421074, 1586389316.0076401, 1586389546.9448771, 1586389841.138687, 1586390189.0529249, 1586390409.4532158, 1586390650.8441553, 1586390880.9627562, 1586391109.5176892, 1586391355.8919206, 1586391598.0941477, 1586391857.602955, 1586392094.481077, 1586392298.5535119, 1586392542.7487664, 1586392803.0119386, 1586393022.443552, 1586393238.8689559, 1586393460.289283, 1586393697.4966335, 1586393907.558012, 1586394100.844818, 1586394359.5540705, 1586394594.6103, 1586394871.4284985, 1586395052.3659866, 1586395304.2702925, 1586395464.6956222, 1586395678.5918305, 1586395874.0517685, 1586396029.853305, 1586396206.2866924, 1586396405.9862256], "episode_lengths": [3463, 3275, 1814, 1839, 2429, 1937, 3922, 3932, 1740, 2063, 2016, 2456, 1857, 2322, 2586, 2371, 1635, 1832, 2381, 3851, 2207, 1929, 2432, 2388, 2946, 2208, 2007, 2343, 1948, 3039, 2671, 4227, 2397, 2288, 4146, 2381, 1838, 4150, 2198, 2339, 2005, 1938, 2199, 2109, 2088, 1897, 1879, 2496, 2394, 2436, 2310, 1999, 2101, 1794, 3791, 2735, 2109, 2728, 2911, 2124, 1973, 2387, 2512, 2039, 1978, 2102, 2881, 2629, 3720, 2668, 2488, 2092, 1636, 2505, 1941, 2480, 3677, 3767, 2046, 2051, 2101, 2203, 2307, 2208, 4447, 2070, 2862, 1946, 2945, 4111, 2240, 2566, 2499, 2265, 2718, 2777, 2024, 2397, 2700, 2517, 2850, 2769, 2009, 2650, 2702, 3444, 3971, 2513, 2753, 2624, 2607, 2810, 2762, 2960, 2701, 2328, 2786, 2980, 2563, 2467, 2524, 2706, 2395, 2205, 2950, 2681, 3157, 2062, 2934, 1870, 2439, 2227, 1774, 2063, 2336], "episode_rewards": [130.0, 80.0, 44.0, 90.0, 39.0, 77.0, 232.0, 172.0, 28.0, 33.0, 35.0, 73.0, 37.0, 93.0, 82.0, 138.0, 51.0, 0.0, 33.0, 170.0, 52.0, 35.0, 89.0, 24.0, 172.0, 113.0, 72.0, 106.0, 29.0, 130.0, 171.0, 210.0, 119.0, 34.0, 225.0, 54.0, 65.0, 165.0, 54.0, 64.0, 57.0, 20.0, 21.0, 91.0, 78.0, 62.0, 25.0, 83.0, 35.0, 146.0, 65.0, 29.0, 60.0, 5.0, 154.0, 90.0, 36.0, 82.0, 129.0, 80.0, 44.0, 87.0, 151.0, 10.0, 40.0, 59.0, 110.0, 66.0, 139.0, 100.0, 120.0, 30.0, 20.0, 72.0, 113.0, 120.0, 171.0, 190.0, 56.0, 132.0, 77.0, 77.0, 76.0, 86.0, 216.0, 21.0, 143.0, 19.0, 121.0, 174.0, 60.0, 83.0, 132.0, 111.0, 78.0, 75.0, 25.0, 109.0, 144.0, 74.0, 91.0, 100.0, 67.0, 69.0, 99.0, 188.0, 190.0, 60.0, 118.0, 136.0, 90.0, 52.0, 89.0, 140.0, 87.0, 54.0, 105.0, 139.0, 9.0, 106.0, 91.0, 84.0, 120.0, 34.0, 118.0, 98.0, 177.0, 34.0, 104.0, 74.0, 68.0, 46.0, 27.0, 70.0, 90.0], "episode_types": ["t", "t", "t", "t", "t", "t", "t", "t", "t", "t", "t", "t", "t", "t", "t", "t", "t", "t", "t", "t", "t", "t", "t", "t", "t", "t", "t", "t", "t", "t", "t", "t", "t", "t", "t", "t", "t", "t", "t", "t", "t", "t", "t", "t", "t", "t", "t", "t", "t", "t", "t", "t", "t", "t", "t", "t", "t", "t", "t", "t", "t", "t", "t", "t", "t", "t", "t", "t", "t", "t", "t", "t", "t", "t", "t", "t", "t", "t", "t", "t", "t", "t", "t", "t", "t", "t", "t", "t", "t", "t", "t", "t", "t", "t", "t", "t", "t", "t", "t", "t", "t", "t", "t", "t", "t", "t", "t", "t", "t", "t", "t", "t", "t", "t", "t", "t", "t", "t", "t", "t", "t", "t", "t", "t", "t", "t", "t", "t", "t", "t", "t", "t", "t", "t", "t", "t", "t"]}