{"initial_reset_timestamp": 1586367203.4000285, "timestamps": [1586367209.9582448, 1586367214.4244897, 1586367307.4307568, 1586367452.1117735, 1586367609.8201263, 1586367807.9219425], "episode_lengths": [2049, 2049, 2938, 1681, 1833, 2301], "episode_rewards": [0.0, 0.0, 79.0, 20.0, 33.0, 66.0], "episode_types": ["t", "t", "t", "t", "t", "t", "t", "t"]}